<?xml version="1.0" encoding="UTF-8"?>
<?xml-stylesheet type="text/xsl" href="videojuegos.xslt"?>
<felixRetro>
    <head>
        <title>Felix Retro</title>
    </head>
    <body>
        <header class="header">
            <titulo>Felix Retro</titulo>
            <navegacion>
                <menu>
                    <item enlace="#Inicio">Inicio</item>
                    <item enlace="#Catalogo">Catálogo</item>
                    <item enlace="#Ofertas">Ofertas</item>
                    <item enlace="#Contacto">Contacto</item>
                </menu>
            </navegacion>
            <botones>
                <boton id="boton-cambiar-fondo">Cambiar fondo</boton>
                <boton id="boton-formulario">Iniciar sesión</boton>
                <boton enlace="https://as.com/meristation/juegos/retro/noticias/">Noticias de juegos retro</boton>
            </botones>
        </header>
        
        <formulario id="formulario">
            <titulo>Iniciar sesión</titulo>
            <form>
                <campo tipo="email" id="email" nombre="email" requerido="true">Correo electrónico</campo>
                <campo tipo="password" id="password" nombre="password" requerido="true">Contraseña</campo>
                <boton tipo="submit">Iniciar sesión</boton>
            </form>
        </formulario>

        <main>
            <productos>
                <producto>
                    <imagen src="../images/Mario.jpg" alt="Super Mario Bros"/>
                    <titulo>Super Mario Bros</titulo>
                    <descripcion>Clásico juego de plataformas para NES lanzado en 1985.</descripcion>
                    <precio>$29.99</precio>
                </producto>
                <producto>
                    <imagen src="../images/Zelda.png" alt="The Legend of Zelda"/>
                    <titulo>The Legend of Zelda</titulo>
                    <descripcion>Aventura épica con exploración de mazmorras y puzles.</descripcion>
                    <precio>$34.99</precio>
                </producto>
                <producto>
                    <imagen src="../images/Sonic.webp" alt="Sonic the Hedgehog"/>
                    <titulo>Sonic the Hedgehog</titulo>
                    <descripcion>El erizo azul más rápido del mundo en su aventura para Sega Genesis.</descripcion>
                    <precio>$24.99</precio>
                </producto>
                <producto>
                    <imagen src="../images/descarga.jpeg" alt="Super Mario 64"/>
                    <titulo>Super Mario 64</titulo>
                    <descripcion>Revolucionario juego de plataformas para Nintendo 64 lanzado en 1996.</descripcion>
                    <precio>$49.99</precio>
                </producto>
                <producto>
                    <imagen src="../images/descarga.png" alt="The Legend of Zelda: Ocarina of Time"/>
                    <titulo>The Legend of Zelda: Ocarina of Time</titulo>
                    <descripcion>Clásico juego de acción-aventura para Nintendo 64 lanzado en 1998.</descripcion>
                    <precio>$59.99</precio>
                </producto>
                <producto>
                    <imagen src="../images/descarga (1).jpeg" alt="Sonic Adventure"/>
                    <titulo>Sonic Adventure</titulo>
                    <descripcion>Juego de plataformas para Dreamcast lanzado en 1998.</descripcion>
                    <precio>$39.99</precio>
                </producto>
                <producto>
                    <imagen src="../images/descarga (2).jpeg" alt="Crash Bandicoot"/>
                    <titulo>Crash Bandicoot</titulo>
                    <descripcion>Clásico juego de plataformas para PlayStation lanzado en 1996.</descripcion>
                    <precio>$29.99</precio>
                </producto>
                <producto>
                    <imagen src="../images/descarga (3).jpeg" alt="Tomb Raider"/>
                    <titulo>Tomb Raider</titulo>
                    <descripcion>Juego de acción-aventura para PlayStation lanzado en 1996.</descripcion>
                    <precio>$44.99</precio>
                </producto>
                <producto>
                    <imagen src="../images/descarga (4).jpeg" alt="Silent Hill"/>
                    <titulo>Silent Hill</titulo>
                    <descripcion>Juego de terror para PlayStation lanzado en 1999.</descripcion>
                    <precio>$49.99</precio>
                </producto>
                <producto>
                    <imagen src="../images/descarga (5).jpeg" alt="Metal Gear Solid"/>
                    <titulo>Metal Gear Solid</titulo>
                    <descripcion>Juego de acción-aventura para PlayStation lanzado en 1998.</descripcion>
                    <precio>$54.99</precio>
                </producto>
                <producto>
                    <imagen src="../images/descarga (6).jpeg" alt="Gran Turismo"/>
                    <titulo>Gran Turismo</titulo>
                    <descripcion>Juego de carreras para PlayStation lanzado en 1997.</descripcion>
                    <precio>$39.99</precio>
                </producto>
                <producto>
                    <imagen src="../images/descarga (7).jpeg" alt="Tony Hawk's Pro Skater"/>
                    <titulo>Tony Hawk's Pro Skater</titulo>
                    <descripcion>Juego de deportes para PlayStation lanzado en 1999.</descripcion>
                    <precio>$44.99</precio>
                </producto>
            </productos>
            
        </main>

        <footer>
            <redesSociales>
                <red enlace="https://www.youtube.com" icono="https://upload.wikimedia.org/wikipedia/commons/thumb/0/09/YouTube_full-color_icon_%282017%29.svg/1280px-YouTube_full-color_icon_%282017%29.svg.png">YouTube</red>
                <red enlace="https://twitter.com" icono="https://cdn-icons-png.flaticon.com/512/124/124021.png">Twitter</red>
                <red enlace="https://www.instagram.com" icono="https://upload.wikimedia.org/wikipedia/commons/thumb/e/e7/Instagram_logo_2016.svg/1280px-Instagram_logo_2016.svg.png">Instagram</red>
                <red enlace="https://www.facebook.com" icono="https://upload.wikimedia.org/wikipedia/commons/thumb/0/05/Facebook_Logo_%282019%29.png/1280px-Facebook_Logo_%282019%29.png">Facebook</red>
            </redesSociales>
        </footer>
    </body>
</felixRetro>
